remaining_distance_km,cargo_weight_tons,vehicle_type,hour_of_day,day_of_week,incident_count,security_risk_level,average_speed_kmh,target_remaining_minutes
589.09,6.0,2,7,1,0,2,57.6,675.5
505.38,28.6,1,0,0,1,0,44.3,719.4
196.97,31.0,3,13,1,0,0,55.4,237.2
695.34,11.4,2,10,2,0,1,56.1,765.8
102.54,8.9,2,19,2,0,0,63.7,81.8
886.07,20.1,3,9,6,0,2,62.4,894.5
191.14,7.8,3,7,6,1,0,57.9,237.3
109.89,16.1,3,11,1,0,0,57.1,124.6
853.62,30.9,3,20,1,0,0,57.9,897.9
260.25,42.0,3,17,1,0,0,62.1,234.1
223.85,6.3,2,12,2,0,0,55.8,232.6
658.94,13.5,2,12,5,0,0,57.9,691.8
519.62,15.5,3,13,4,0,0,59.0,569.2
473.48,8.6,1,3,1,0,0,54.1,513.0
76.54,20.3,2,16,2,0,0,66.0,68.2
661.44,32.3,3,8,6,0,0,61.8,650.4
423.81,43.2,3,8,4,0,1,58.9,456.5
576.52,38.7,3,19,1,2,1,51.3,754.4
712.98,26.2,1,19,2,0,0,59.7,723.9
896.94,37.3,1,1,1,0,0,55.9,961.1
452.53,7.8,3,4,1,0,0,55.6,486.0
489.63,29.3,1,17,6,0,1,61.9,509.5
905.68,31.0,2,16,3,0,0,51.6,1063.9
543.59,14.2,1,0,0,0,0,55.1,593.6
47.96,18.2,3,7,2,0,0,61.4,53.1
852.61,27.8,2,7,6,2,0,56.0,986.5
606.49,19.2,2,14,6,2,1,58.0,691.8
107.59,21.1,2,3,1,0,1,43.6,171.6
183.3,23.5,1,14,6,0,0,62.8,173.9
909.36,38.4,1,7,1,0,0,49.1,1114.0
823.17,11.6,1,12,2,0,0,66.3,735.4
639.97,34.2,3,21,5,1,0,57.5,710.6
72.05,34.4,1,23,2,0,0,38.8,104.3
778.92,11.3,3,2,6,0,1,42.2,1122.4
229.33,9.8,3,7,4,0,2,58.4,277.1
539.47,25.9,2,6,5,1,0,61.4,574.2
617.8,17.0,2,2,0,0,1,59.8,644.5
85.2,13.5,2,4,2,1,0,59.0,113.7
160.39,38.3,3,9,4,1,0,65.6,167.9
614.4,27.2,3,3,1,0,0,49.6,730.6
158.35,16.3,1,22,2,1,0,44.2,242.9
454.79,41.2,1,2,5,0,0,47.1,580.3
706.3,30.5,2,5,5,0,0,47.3,881.1
119.57,42.8,3,4,4,1,0,38.2,234.0
402.51,6.7,2,1,2,1,0,46.8,556.6
714.3,40.4,2,19,5,0,0,56.3,751.0
888.82,37.4,2,0,1,1,0,49.0,1147.5
733.99,39.6,1,8,1,1,0,65.8,719.6
784.15,13.9,2,11,2,0,0,65.4,713.2
607.43,20.9,2,2,6,0,0,44.7,805.9
893.22,26.4,1,3,2,0,0,46.8,1143.0
116.48,22.4,3,10,3,0,0,56.8,122.2
533.16,15.2,3,13,0,2,0,60.6,580.7
856.83,34.5,1,11,3,0,0,48.7,1046.4
299.38,38.9,3,9,4,0,0,50.9,359.5
283.13,10.1,2,21,3,0,0,65.3,250.6
287.85,26.9,1,9,2,2,1,53.9,399.4
306.8,22.7,3,6,4,0,1,61.9,309.9
171.03,8.4,3,21,5,1,0,67.3,203.9
229.03,17.4,1,4,0,1,0,47.3,323.9
703.96,23.2,3,18,1,1,1,59.2,781.5
151.34,32.5,1,13,1,0,0,55.4,160.1
64.69,15.0,1,14,1,0,0,59.1,34.7
549.95,43.0,2,19,6,1,1,54.0,670.4
507.61,40.9,3,15,3,0,0,52.6,596.1
701.57,25.9,3,7,2,0,0,56.2,740.5
318.9,40.7,1,4,1,0,0,42.5,432.6
77.16,21.3,3,14,3,2,0,52.6,147.7
705.12,42.8,1,18,3,0,0,58.2,723.4
367.09,40.7,2,17,5,0,2,62.1,380.3
454.52,15.9,2,0,3,2,0,46.6,644.2
166.89,23.7,1,19,4,0,0,47.3,221.3
44.12,30.7,1,14,1,0,0,48.6,60.2
310.89,35.4,2,8,6,0,0,59.1,326.4
438.57,35.0,1,11,1,0,0,60.1,420.7
691.27,43.0,1,0,4,2,0,45.7,990.3
521.93,13.7,3,8,6,0,0,50.6,599.8
659.34,36.1,1,9,0,3,0,61.6,740.4
828.14,20.0,3,6,0,0,0,60.8,809.4
640.5,17.1,3,19,6,0,0,57.6,665.1
329.01,22.1,2,2,4,0,0,55.5,356.7
456.28,22.3,2,20,6,0,0,58.4,474.9
484.35,31.0,3,17,6,0,1,52.5,586.2
258.87,39.1,1,8,3,0,0,48.4,324.5
357.3,6.1,2,5,3,0,0,47.7,439.0
803.48,33.0,2,17,0,0,0,58.1,838.1
381.72,27.2,1,22,3,0,0,46.6,492.7
102.82,13.9,3,7,2,0,0,58.8,116.1
325.94,44.9,3,10,2,0,0,59.0,340.5
127.38,12.7,1,23,4,2,0,57.4,195.9
677.36,16.1,3,16,4,0,0,56.7,721.4
222.46,12.2,1,22,4,2,1,45.9,386.9
280.0,42.8,3,15,0,0,0,59.1,278.2
412.02,12.4,1,8,6,1,0,59.9,436.8
85.93,30.2,1,4,1,0,0,55.5,91.3
240.89,27.3,2,19,4,0,1,62.8,269.6
420.96,22.7,3,13,2,2,0,66.2,462.8
108.32,35.5,3,6,2,0,0,60.4,113.8
86.81,5.1,2,22,4,1,1,53.5,159.4
271.62,39.4,1,21,1,1,0,64.3,272.1
608.45,42.3,2,3,4,0,0,45.2,815.3
146.59,7.4,2,19,5,0,1,67.4,149.4
437.14,17.2,2,8,4,0,0,55.4,479.6
811.59,34.4,3,8,0,0,0,55.9,865.7
531.93,43.0,3,8,4,0,0,49.0,637.8
599.84,41.6,1,18,3,0,0,57.1,630.6
329.69,18.3,3,3,6,0,0,42.0,478.4
609.7,21.0,3,1,3,1,0,43.5,881.9
707.57,39.6,1,21,6,0,0,55.5,769.0
341.98,35.3,3,14,6,0,1,49.5,445.8
276.35,40.2,2,3,0,0,0,54.3,299.8
160.96,27.0,3,13,0,0,0,54.0,173.9
862.88,30.9,1,15,5,0,0,53.1,963.1
449.42,23.9,2,17,1,3,0,59.2,553.8
802.6,39.6,2,13,2,1,0,57.9,865.6
271.73,16.9,3,18,5,1,0,60.6,316.0
327.16,27.1,3,12,3,0,0,70.3,254.6
232.54,20.3,2,1,2,0,0,52.6,244.2
363.61,31.5,3,4,3,0,0,62.1,373.5
315.48,9.0,2,3,4,0,0,59.4,319.3
795.13,43.8,1,15,6,2,2,61.2,915.2
598.35,39.1,3,17,3,2,0,59.4,656.5
454.27,26.6,3,2,1,0,1,60.8,453.5
684.62,22.4,1,20,5,0,2,59.6,745.6
824.05,6.8,1,9,2,2,1,59.6,936.3
523.68,36.7,1,5,0,0,0,47.1,679.3
462.92,28.3,1,14,5,1,0,53.5,555.8
736.12,41.0,3,17,1,0,0,57.9,750.8
286.25,43.5,3,8,3,2,0,62.6,355.6
450.06,14.5,3,11,4,0,0,55.2,486.8
758.73,20.8,1,18,6,0,2,61.1,791.3
559.7,24.9,2,7,4,0,0,63.0,540.7
243.06,35.2,3,21,6,1,0,54.5,312.3
55.09,36.5,1,18,2,0,0,62.6,58.2
685.26,12.0,1,17,2,0,0,64.3,627.7
248.7,38.0,2,9,5,1,1,63.7,281.5
87.02,35.2,1,21,5,1,1,55.0,168.9
516.01,8.6,2,0,2,0,0,47.5,656.8
618.38,28.4,3,11,0,1,0,56.2,698.2
859.42,18.1,3,7,5,1,0,54.3,961.1
288.95,21.3,1,1,0,1,0,45.6,415.4
809.66,10.4,2,11,5,0,0,65.0,733.3
542.73,34.1,2,20,0,0,0,57.0,552.4
268.97,32.6,1,14,3,0,0,65.2,243.2
630.26,26.8,3,11,0,0,0,56.6,673.8
774.75,23.2,3,6,5,0,0,61.1,760.1
316.82,44.6,3,6,0,1,0,57.6,359.7
743.62,14.3,1,19,0,0,0,64.0,693.6
500.79,36.9,1,21,6,1,0,54.4,589.3
231.76,18.0,1,8,0,0,0,51.1,274.9
76.57,22.9,2,16,4,0,0,44.5,102.5
58.59,36.3,3,16,2,0,0,57.1,60.6
446.29,21.1,3,3,3,1,2,47.5,657.7
306.68,10.9,1,8,4,0,0,58.6,310.8
905.22,26.2,2,16,4,1,0,56.9,983.8
602.69,40.1,3,23,6,0,0,41.8,867.7
321.65,23.1,2,23,0,0,2,46.1,477.1
868.7,32.5,2,2,0,1,0,55.5,977.1
677.53,37.5,3,1,4,0,0,51.8,778.0
385.62,39.9,2,23,0,0,0,53.7,424.3
534.35,13.5,3,15,1,0,0,62.1,528.6
122.25,16.1,1,13,6,0,0,60.0,105.6
620.73,27.3,3,21,6,2,0,63.0,662.9
698.54,41.9,2,0,1,0,0,51.4,810.5
146.27,30.3,1,2,5,0,0,47.4,194.4
160.09,17.5,2,18,4,0,0,53.5,181.8
569.88,32.0,2,14,5,0,0,53.5,631.4
211.86,25.5,2,13,0,0,0,52.8,228.3
613.75,6.8,2,19,0,1,0,50.9,766.3
142.14,15.2,2,3,0,0,0,49.2,176.0
494.0,14.2,3,21,6,0,0,52.5,576.5
408.24,23.4,1,10,4,0,0,53.2,470.1
277.67,21.2,2,5,6,0,0,52.8,320.1
342.05,22.5,1,7,3,0,0,56.4,362.1
296.14,18.6,2,5,0,0,0,53.2,343.4
826.27,19.0,3,20,6,0,1,54.5,940.2
174.41,11.1,3,2,1,0,0,55.9,177.6
521.72,28.2,3,18,5,0,0,55.4,548.1
578.22,11.0,1,15,3,0,0,62.3,541.5
333.23,8.0,2,14,0,2,0,52.8,444.5
789.18,39.2,3,19,4,0,0,48.1,970.0
677.64,6.6,3,20,1,0,0,54.9,741.6
75.07,9.1,2,22,0,2,0,52.3,164.1
409.6,22.6,3,19,1,2,1,58.4,510.0
709.27,32.2,1,20,5,0,0,52.7,821.0
364.04,15.1,3,19,6,0,0,56.9,392.6
835.9,17.4,3,22,5,0,0,42.9,1153.2
295.53,20.1,2,4,5,0,0,63.2,267.2
832.08,8.7,3,13,4,1,0,55.8,935.5
210.63,42.9,2,6,1,1,0,65.6,236.0
721.43,25.3,3,23,4,0,0,39.7,1107.8
136.63,20.1,1,5,6,0,1,48.7,175.0
661.85,6.7,2,21,5,1,1,52.9,814.1
686.2,23.0,3,7,2,0,0,66.8,591.0
192.67,32.1,3,14,3,1,1,62.1,232.2
392.61,11.5,1,19,1,3,0,68.2,454.8
350.38,42.4,3,16,6,0,0,51.8,409.4
419.89,25.5,2,2,1,0,1,60.0,426.5
389.26,20.9,2,7,3,1,0,65.5,393.6
848.44,38.6,3,10,6,1,0,57.4,928.3
440.48,38.2,3,15,3,0,1,58.9,472.4
211.93,11.0,3,19,4,0,1,58.2,234.8
128.45,14.5,3,19,3,0,1,53.5,157.0
497.09,30.3,3,7,5,0,0,47.9,629.8
234.1,21.7,3,21,0,2,0,53.7,354.4
504.23,36.5,3,17,0,0,2,50.8,648.7
893.13,15.1,1,11,6,2,0,52.0,1118.1
112.26,28.3,2,4,0,0,0,44.8,165.0
759.04,32.4,3,15,5,0,0,55.2,839.3
859.81,6.5,1,1,6,0,0,53.4,973.3
478.69,44.6,3,15,2,1,0,47.1,636.9
787.3,6.9,3,10,2,0,0,49.1,980.7
681.54,40.8,2,10,1,0,0,49.5,826.5
482.16,37.0,3,13,0,0,1,57.5,527.9
281.45,9.1,2,21,2,0,0,53.6,307.5
633.89,19.1,1,23,6,0,0,54.5,689.4
589.13,36.7,1,2,5,0,0,47.4,762.1
624.68,43.1,1,19,5,0,0,61.8,607.5
712.88,19.7,2,18,0,0,1,56.8,751.6
351.09,35.5,3,4,4,1,0,45.8,503.9
874.86,6.0,1,15,4,0,2,55.5,992.3
251.66,22.9,3,9,5,0,0,63.1,239.6
779.02,23.1,3,14,0,1,1,71.5,706.6
614.38,33.4,3,17,2,3,0,66.1,647.5
845.32,30.5,2,16,1,0,0,51.7,987.3
723.43,6.1,3,18,2,1,0,60.5,751.8
806.98,7.6,2,22,5,0,1,48.4,1031.9
531.66,10.0,2,20,0,0,0,57.1,548.7
801.38,36.2,3,18,1,0,0,63.5,767.5
792.71,38.3,3,4,2,0,0,41.2,1171.4
327.96,42.6,2,2,2,0,0,45.7,428.0
576.27,29.6,1,16,5,1,0,53.7,676.4
606.27,33.8,3,10,6,2,0,69.6,598.8
92.29,42.9,3,8,5,0,1,47.8,133.6
46.95,40.6,3,9,5,0,2,58.3,100.6
629.64,16.9,1,22,0,0,2,42.1,954.1
322.77,10.7,3,10,5,0,1,65.2,332.0
696.99,25.6,1,10,1,0,2,56.9,794.0
106.16,16.6,2,19,3,0,0,55.7,109.1
311.42,28.1,2,6,6,2,0,55.4,406.9
802.38,24.9,1,12,4,0,0,57.3,856.0
63.31,16.3,3,20,5,0,0,52.4,67.2
403.53,40.3,3,11,6,0,1,55.8,460.0
520.02,19.5,2,2,3,0,0,50.6,606.9
900.29,32.2,1,4,0,2,1,48.2,1205.2
855.66,35.2,1,19,4,0,0,56.1,916.0
655.1,37.2,3,14,1,0,0,55.7,704.6
565.63,11.5,3,23,6,0,0,44.9,775.1
493.78,33.3,2,15,6,0,0,48.6,614.7
390.72,17.3,3,22,5,3,2,35.1,827.9
716.78,36.0,3,7,5,0,0,46.0,936.7
661.85,36.0,2,4,6,0,1,58.8,706.1
117.81,5.8,2,13,1,0,0,59.1,133.2
564.22,23.9,3,23,0,2,1,49.3,779.9
908.33,24.1,2,10,1,2,0,53.5,1085.6
621.52,39.7,3,20,6,0,0,58.1,636.8
239.4,27.3,1,9,6,2,1,55.4,372.4
302.17,19.0,3,8,2,0,0,51.0,345.0
892.34,37.7,1,9,0,0,1,52.6,1032.1
413.71,15.3,2,6,1,3,0,63.4,511.8
261.74,9.4,3,18,1,0,0,53.3,281.7
587.77,7.1,2,10,5,2,1,58.2,695.0
878.42,44.1,1,13,5,1,0,65.5,830.2
197.52,43.6,2,9,5,0,0,49.6,221.6
226.68,34.5,1,5,3,0,1,58.1,283.2
907.48,20.9,2,5,5,1,2,63.0,938.3
28.25,27.7,1,10,2,3,0,54.5,124.8
811.44,10.4,3,14,2,1,1,55.5,941.9
428.43,15.3,1,0,5,1,0,46.8,601.5
191.91,29.4,3,12,6,0,0,54.8,220.8
104.89,44.3,2,10,1,2,0,45.7,216.4
257.62,18.2,3,23,4,0,0,39.9,372.2
75.29,9.7,2,5,3,0,0,59.7,64.0
705.16,32.6,3,9,2,0,0,59.2,721.0
156.34,34.9,3,11,3,0,0,64.4,135.1
733.78,38.0,1,21,6,0,1,59.0,757.0
490.07,19.5,3,3,0,0,0,57.2,509.4
497.63,11.6,3,14,0,1,0,61.1,510.1
820.01,22.8,1,14,1,0,0,57.2,861.3
431.52,37.3,3,0,3,1,0,46.9,587.2
85.0,21.9,3,2,4,1,0,59.0,119.6
851.06,6.3,2,5,6,0,0,42.6,1183.6
877.77,20.0,2,14,6,0,0,64.0,826.3
878.09,40.0,1,20,6,0,0,55.6,961.0
490.67,34.1,1,0,6,2,0,40.0,823.1
504.56,26.3,1,7,3,0,0,54.1,587.5
665.27,9.5,3,13,4,0,0,63.8,624.2
203.41,9.0,1,14,4,1,1,63.5,245.7
59.37,22.6,3,6,6,0,1,67.1,83.0
277.44,37.6,3,18,2,0,0,58.7,261.6
230.84,40.1,3,16,1,0,2,54.5,319.3
546.58,34.4,1,20,5,0,0,47.7,688.4
858.01,31.9,3,10,5,0,0,57.6,903.2
691.43,23.9,1,9,6,0,0,63.5,628.3
520.52,43.7,3,16,1,0,0,54.2,587.0
90.37,23.0,2,2,4,0,0,54.4,108.5
619.57,29.1,1,6,6,0,0,61.0,594.3
446.66,39.8,2,9,0,1,0,53.7,552.4
684.72,35.2,1,22,4,0,0,50.4,820.5
306.24,16.3,2,17,5,0,0,56.0,342.5
462.58,8.9,3,15,6,0,0,67.1,407.7
388.4,27.5,1,23,1,0,0,38.1,606.4
660.81,16.8,1,10,1,0,0,58.3,667.9
602.6,32.4,2,15,5,0,0,57.6,628.1
727.53,11.8,3,17,3,0,0,60.9,693.4
871.94,26.0,1,21,0,0,0,57.0,929.9
225.98,33.3,1,6,4,0,0,60.3,231.2
851.17,41.5,3,15,0,1,1,48.0,1123.4
491.18,16.0,2,0,4,0,0,53.1,535.7
829.7,9.3,1,16,1,1,0,53.4,961.0
335.45,36.8,1,11,3,0,0,56.3,376.0
286.98,38.1,1,20,6,0,0,62.0,280.1
355.68,24.0,3,0,5,0,0,41.4,515.5
718.09,27.6,1,16,0,0,0,57.0,745.2
524.44,15.8,1,21,2,0,0,64.3,488.2
846.6,17.6,1,18,1,1,1,61.8,870.2
88.47,11.5,1,18,6,0,0,62.9,71.0
361.62,34.6,3,23,0,0,0,49.9,434.2
409.01,38.5,2,19,6,0,0,51.9,455.0
310.48,30.4,2,15,1,0,0,58.0,316.6
624.93,31.4,1,19,2,0,0,61.7,602.9
157.26,33.5,3,4,5,0,0,46.4,207.4
859.23,22.8,2,3,1,0,1,39.9,1323.5
476.07,9.1,1,11,4,0,0,50.5,559.5
362.86,16.7,2,2,5,1,0,63.8,357.6
529.04,11.8,2,5,1,0,0,47.1,680.6
168.81,16.0,2,15,6,0,0,51.8,204.6
576.28,28.8,1,14,0,0,0,54.6,633.8
769.04,20.2,2,14,2,0,0,59.0,766.5
549.01,17.0,3,22,1,0,0,51.5,650.5
304.03,34.4,3,15,4,0,2,60.3,361.2
719.42,19.6,3,6,4,0,0,68.4,649.6
43.96,34.1,3,6,3,0,0,62.3,38.4
774.53,36.8,3,15,1,0,0,59.1,803.9
656.56,36.6,1,14,4,0,0,53.5,744.7
839.15,32.7,3,1,6,0,1,54.9,921.2
548.5,41.6,1,7,5,0,0,61.0,553.8
521.27,30.8,3,12,6,0,2,55.0,613.2
107.76,13.9,3,16,4,0,0,57.2,107.1
368.11,35.9,3,22,4,2,1,46.7,567.7
282.93,41.8,1,3,6,1,0,57.0,340.9
425.25,13.3,2,11,3,0,0,51.8,479.6
79.79,6.8,3,3,0,2,0,54.3,143.7
166.28,44.4,1,16,1,0,0,55.3,191.5
431.23,36.9,3,5,1,1,0,50.3,550.6
566.56,12.9,3,13,3,0,0,51.5,669.5
646.35,36.8,3,3,6,0,0,55.7,706.1
427.22,15.5,2,16,5,0,0,53.3,488.6
121.67,19.1,2,19,1,0,0,62.6,106.9
566.89,8.4,1,10,0,0,0,57.2,602.4
145.81,20.5,3,4,4,0,0,50.0,190.7
637.16,30.8,1,17,1,0,0,58.8,658.2
421.39,7.1,2,0,3,0,2,48.6,541.9
469.84,24.8,3,15,3,0,1,59.5,501.3
523.2,36.8,1,9,0,0,0,51.4,609.0
427.02,34.7,2,17,4,1,0,54.6,517.9
752.72,19.7,1,23,3,0,0,52.4,861.5
758.76,35.1,2,1,3,0,1,45.9,1012.9
790.11,9.7,1,6,6,1,2,60.7,843.9
563.13,22.1,3,4,6,0,0,45.6,745.0
332.23,16.2,3,5,2,2,0,57.2,433.6
867.63,25.6,3,3,1,0,0,58.6,862.1
903.31,39.7,1,22,6,0,1,44.2,1259.6
240.32,38.7,2,15,1,0,0,57.4,263.5
422.27,30.3,1,12,4,0,0,59.2,404.9
424.68,24.5,3,0,6,0,1,53.7,480.2
428.02,31.6,2,2,6,0,0,50.4,522.0
208.55,15.7,2,10,4,0,1,56.7,240.1
325.93,32.3,1,1,0,0,1,51.4,403.6
847.2,11.3,2,0,3,0,0,45.6,1108.8
598.5,11.4,2,2,5,0,0,52.6,691.5
597.53,7.1,3,9,5,1,0,63.0,621.5
646.29,5.0,2,2,1,0,1,49.8,802.1
27.18,18.7,1,13,5,0,0,55.1,34.7
670.38,9.1,2,11,2,2,0,54.1,793.6
138.5,44.7,1,2,4,0,1,47.7,194.6
332.56,13.5,3,4,3,0,0,50.7,396.5
817.97,10.6,1,18,5,0,0,59.7,819.7
144.45,16.1,1,7,4,0,0,59.7,135.5
857.74,6.1,3,9,1,1,0,54.8,972.9
283.03,7.2,1,15,3,0,0,49.1,345.9
490.17,44.1,2,10,1,0,0,55.9,515.5
506.26,11.9,2,2,0,0,0,54.4,559.1
841.1,42.9,2,16,2,1,1,55.1,975.8
644.61,8.3,3,17,4,0,1,54.8,733.2
839.62,44.0,1,17,2,0,1,50.6,1003.6
626.14,7.6,3,13,5,0,0,66.7,572.2
842.92,9.6,3,19,0,1,0,55.8,921.7
126.3,33.3,3,0,1,0,0,46.9,173.5
752.03,15.4,2,4,5,1,0,54.4,889.3
706.57,6.2,2,8,4,0,0,51.5,807.9
88.59,23.2,2,1,3,0,0,56.6,100.0
708.26,40.8,3,23,0,0,1,43.1,1010.8
788.01,14.8,2,11,3,0,0,68.7,715.7
51.47,37.1,3,23,5,0,1,46.1,103.2
661.06,15.9,1,18,2,0,0,52.0,759.3
218.63,25.6,1,12,0,0,0,67.2,179.8
296.52,8.5,2,0,2,0,1,44.1,424.4
574.22,23.6,3,15,6,2,0,61.9,611.6
728.42,11.0,2,0,1,0,1,48.7,908.5
28.54,18.4,3,12,6,1,0,61.5,70.5
894.97,21.8,1,4,5,0,0,48.6,1107.3
772.5,21.5,2,14,5,0,0,52.8,881.5
749.77,8.0,3,1,3,2,1,55.6,911.4
777.31,42.0,2,22,6,0,0,51.0,923.2
86.47,13.1,3,3,1,3,1,42.1,256.5
127.46,19.3,1,14,2,0,1,58.5,151.5
738.76,17.2,3,22,4,1,0,44.5,1021.9
101.18,14.9,2,12,4,0,0,49.8,143.1
174.74,43.1,2,17,5,0,0,58.1,183.6
726.49,9.9,1,7,1,1,0,50.6,907.1
854.44,8.4,3,8,6,0,0,54.4,942.3
594.93,37.4,1,10,0,0,1,47.6,776.7
530.76,37.9,2,15,0,0,0,52.2,615.1
828.39,16.0,2,4,0,1,0,49.2,1033.6
464.01,40.3,2,1,0,0,0,46.2,608.7
807.34,26.0,3,17,6,0,0,46.5,1054.5
446.92,36.3,2,18,4,0,0,53.8,501.2
551.43,6.2,2,1,6,2,0,54.3,675.5
909.65,44.0,1,7,5,0,0,46.8,1161.8
675.98,35.6,1,18,6,0,0,59.2,703.2
902.47,11.9,1,18,2,0,2,61.7,902.5
45.1,33.0,3,18,1,0,0,61.5,77.0
804.65,24.7,2,5,3,0,2,46.2,1100.6
37.74,24.1,2,19,1,0,0,61.7,43.0
734.16,39.7,1,0,1,0,0,54.3,800.9
773.37,39.4,1,11,5,0,1,62.5,770.8
288.57,10.5,1,23,3,0,0,59.9,284.8
175.04,43.7,3,19,6,0,0,51.0,186.9
356.76,34.4,2,4,1,0,0,59.5,350.5
368.53,44.8,3,1,1,1,0,56.6,410.7
216.6,27.6,2,4,2,0,0,54.1,274.2
169.42,40.4,1,22,5,0,0,53.1,182.9
256.04,15.0,1,11,2,0,0,63.1,239.8
410.02,21.8,1,13,3,1,1,62.4,463.6
757.64,36.5,3,20,6,0,0,60.4,756.6
772.73,16.8,2,8,0,0,0,53.1,883.3
671.47,26.9,1,10,4,0,0,69.0,572.2
403.88,31.1,3,13,1,1,0,46.1,589.0
384.26,27.2,3,17,2,0,0,59.8,390.7
369.68,27.0,2,4,0,0,0,45.1,496.2
609.2,29.0,1,3,0,0,0,39.4,902.6
441.48,9.6,2,15,3,1,0,65.1,459.0
364.9,19.8,2,11,1,0,0,57.1,396.8
221.36,15.7,1,4,6,0,0,57.4,241.6
739.28,21.6,3,7,4,1,1,48.3,987.9
879.41,32.5,2,18,1,1,0,62.4,892.9
655.73,25.1,3,18,5,0,0,69.9,586.3
419.65,43.0,1,6,6,0,1,52.4,506.8
627.98,13.1,3,4,6,0,0,50.3,766.6
738.54,8.5,3,12,4,0,0,55.9,805.8
797.38,36.5,3,18,4,0,0,62.6,768.7
524.27,28.3,1,3,4,0,1,55.3,570.3
803.32,40.1,2,12,5,1,0,55.6,899.8
265.12,10.8,3,21,5,0,0,52.6,317.4
634.56,7.0,2,8,2,0,0,52.7,713.2
269.51,24.7,3,21,0,0,0,65.7,256.2
681.91,36.0,2,8,5,0,0,54.3,747.4
208.14,38.0,3,15,6,0,1,56.2,250.1
724.43,7.6,3,16,3,1,0,57.2,775.0
45.76,12.7,1,1,1,1,0,46.1,98.1
197.21,19.7,2,16,3,1,0,60.9,231.4
351.5,28.8,1,15,4,0,0,55.1,401.7
250.21,38.2,1,9,0,0,0,56.8,277.7
878.78,39.3,3,7,5,0,0,49.7,1049.2
789.52,43.7,3,0,3,0,1,52.3,917.8
27.53,15.1,2,22,5,3,0,50.4,143.1
330.35,15.1,2,9,5,0,0,56.2,341.5
26.54,45.0,2,17,5,0,1,56.6,71.0
448.75,18.5,2,20,2,0,0,63.8,440.9
814.21,17.0,1,16,6,0,0,59.9,823.8
740.93,21.2,2,21,1,0,1,55.8,787.3
250.89,21.7,2,23,0,0,0,56.9,263.8
325.42,33.5,3,17,5,0,1,65.3,314.1
471.51,38.8,3,17,1,1,0,48.4,623.1
665.42,27.4,1,21,2,0,0,60.4,669.4
795.57,21.8,2,11,2,0,1,58.0,849.4
67.77,30.4,3,19,0,0,0,57.4,76.5
625.82,26.2,2,1,6,0,0,56.6,669.5
384.18,27.8,2,4,2,0,0,55.8,417.6
316.04,44.5,2,20,0,0,0,47.4,420.1
170.06,35.6,2,2,1,0,0,48.6,200.9
879.14,20.3,1,17,1,0,0,67.9,769.0
693.59,26.2,1,21,0,1,0,59.7,750.5
326.47,10.2,2,16,4,0,0,56.8,346.3
864.13,23.2,3,19,4,0,1,62.9,823.8
325.03,41.1,2,6,1,1,0,66.2,323.6
223.29,34.1,1,6,5,0,0,47.8,280.1
652.89,36.7,2,20,2,0,0,58.2,661.8
62.68,9.3,1,1,5,0,0,43.6,88.4
244.94,33.1,1,22,5,0,0,49.7,312.5
609.61,15.8,3,22,1,0,0,52.2,692.2
569.75,16.3,1,15,1,1,0,61.3,570.4
886.08,19.3,2,9,1,0,0,48.9,1087.4
850.48,18.2,1,0,5,0,1,46.8,1125.4
459.75,43.0,3,2,5,1,0,55.3,524.1
426.51,44.1,2,14,0,0,0,50.1,513.8
278.6,37.1,2,13,5,0,0,54.3,287.6
28.61,10.5,3,5,2,2,0,44.9,114.6
801.84,8.7,2,5,0,2,0,52.0,993.0
363.29,39.0,2,20,6,0,0,54.5,414.2
893.6,38.8,1,13,4,1,0,53.4,1033.6
564.08,36.2,3,0,6,1,0,56.0,611.9
136.28,41.8,1,13,3,0,1,48.8,203.0
647.07,32.1,3,18,5,0,0,62.6,617.7
321.09,25.9,3,19,0,0,2,56.1,379.8
610.7,30.7,1,17,4,2,0,49.1,810.8
775.47,39.1,1,2,6,1,1,48.8,1045.2
64.81,13.9,3,12,3,0,0,66.7,64.5
530.0,8.5,2,14,2,2,0,48.8,721.9
111.35,21.5,3,17,0,0,0,65.3,72.5
587.41,40.6,3,6,5,2,2,61.8,686.8
68.3,13.9,2,10,4,2,0,59.2,128.0
343.33,23.1,1,21,1,1,1,47.4,508.0
731.92,26.9,2,22,0,0,1,43.2,1047.2
658.0,33.9,1,8,4,0,0,56.4,716.1
211.87,38.0,1,22,2,0,0,36.5,362.3
765.34,28.6,2,14,5,0,0,51.2,896.1
23.86,34.4,3,13,6,0,0,63.0,15.0
830.06,32.7,1,23,6,0,0,40.1,1252.6
805.6,25.2,2,13,4,0,0,64.6,738.7
877.6,43.8,2,4,1,0,0,45.2,1146.0
286.03,33.1,2,22,5,1,0,54.7,342.8
575.51,16.6,2,21,1,0,0,61.8,534.3
468.47,32.8,2,22,0,1,0,49.6,595.6
858.98,33.4,3,23,6,1,0,51.8,1021.2
31.37,9.3,2,4,0,2,0,55.4,123.0
163.23,16.5,2,4,6,3,0,44.0,319.7
501.64,19.3,2,3,4,1,0,55.8,550.4
680.75,27.5,1,16,6,0,0,60.8,654.4
61.81,20.3,2,21,2,1,2,70.3,144.3
200.75,39.8,2,7,5,1,0,56.7,231.3
506.49,29.1,3,6,2,0,0,57.8,525.3
876.6,34.4,1,12,0,0,0,54.3,966.4
539.75,15.2,2,14,5,0,0,72.3,454.8
551.22,35.9,3,19,6,0,0,55.5,596.8
338.7,36.4,2,16,1,0,0,58.9,342.3
161.84,26.7,2,2,2,3,0,45.8,327.5
341.11,13.7,3,16,3,0,0,70.5,260.1
27.84,31.8,2,7,5,0,1,53.5,35.3
627.47,17.8,1,12,2,1,0,57.7,713.3
751.68,20.0,3,14,3,0,1,52.5,879.4
477.37,42.9,1,17,4,2,0,52.4,623.8
708.49,39.6,2,3,1,0,0,46.7,878.9
709.93,30.9,1,23,5,3,0,41.1,1144.1
97.89,7.2,2,17,0,2,0,60.9,175.6
365.35,30.2,2,10,0,0,0,55.8,393.7
661.05,7.5,3,18,0,0,0,68.7,589.5
114.46,36.5,2,19,0,0,0,55.9,117.6
751.69,6.2,1,17,1,1,0,49.5,959.7
505.69,43.4,1,9,5,0,2,68.2,489.7
596.67,43.3,1,17,6,1,1,57.2,686.7
551.02,26.5,1,9,1,3,0,63.9,616.1
387.26,30.8,3,4,1,0,0,42.5,540.6
122.01,31.8,3,1,6,0,0,57.0,127.5
593.76,7.9,3,2,2,1,0,44.3,825.5
314.46,10.1,3,7,0,0,0,57.4,332.0
452.42,18.1,3,9,5,0,0,57.1,470.8
301.54,22.1,1,10,1,0,1,61.6,302.0
266.25,19.4,3,23,2,0,0,53.6,300.7
291.87,27.1,1,20,4,1,2,49.8,458.7
813.25,12.9,3,20,0,1,1,67.0,773.6
582.15,37.5,3,12,6,0,0,61.3,561.4
503.69,44.9,2,20,6,0,0,45.5,680.0
544.74,39.3,1,14,4,0,0,53.8,616.1
609.78,38.9,3,21,1,1,0,61.8,632.5
524.06,27.6,1,23,5,0,0,48.0,661.6
454.0,7.5,2,7,0,0,0,56.8,477.2
365.4,41.7,1,1,5,1,0,44.4,514.8
758.39,38.4,2,18,4,0,0,55.6,826.6
543.03,40.9,1,16,2,1,0,57.4,594.7
334.08,39.7,2,15,4,0,0,51.0,384.3
224.69,25.6,2,6,1,0,1,49.6,311.3
125.31,14.2,2,23,0,1,0,48.4,191.4
163.51,38.3,1,7,0,1,1,49.3,255.5
476.25,40.6,1,1,1,1,1,47.7,686.4
553.43,27.5,1,23,5,0,0,51.9,644.8
419.79,44.7,2,5,1,0,0,49.0,501.4
750.2,12.3,3,16,2,0,1,50.9,884.4
550.91,7.8,2,12,1,1,0,54.8,660.9
468.88,21.8,1,19,0,1,0,56.2,526.2
801.2,26.3,1,2,3,0,0,55.3,860.7
21.07,42.5,3,20,3,0,1,56.0,50.2
491.54,14.2,2,12,2,1,0,59.9,507.1
640.07,8.9,1,8,3,0,0,64.5,592.7
552.48,26.7,2,6,0,0,2,61.9,570.2
124.87,5.3,3,6,5,0,0,63.2,121.6
399.2,28.4,2,17,3,0,0,51.4,441.9
373.73,13.1,3,17,3,1,0,50.5,474.0
899.77,28.1,3,12,5,1,0,52.7,1054.8
224.5,36.3,1,3,1,2,0,50.1,317.9
566.48,32.4,1,5,3,0,1,57.9,612.2
149.34,42.0,2,2,0,0,1,41.6,252.3
664.8,42.2,2,19,5,0,0,55.6,701.7
861.69,37.8,3,15,3,0,0,52.9,955.0
481.16,12.8,3,16,4,0,0,58.7,479.9
340.17,31.2,1,2,2,0,0,51.9,402.9
541.61,25.7,3,22,0,0,1,51.8,646.4
517.61,28.3,2,8,1,3,2,61.5,686.0
531.67,15.4,2,16,0,1,0,56.8,596.4
124.14,25.5,2,17,6,1,0,62.4,167.3
355.6,24.3,1,10,6,0,0,53.3,404.2
44.34,9.7,1,12,5,0,0,64.6,59.5
732.14,21.5,2,16,4,0,0,51.4,846.8
102.78,31.9,2,2,4,0,2,53.3,167.3
815.94,15.8,3,21,1,0,0,60.1,833.2
796.74,13.3,1,7,6,0,0,61.5,782.0
838.97,32.0,3,15,4,0,0,54.0,908.6
774.73,19.8,2,15,4,0,0,55.5,839.5
835.25,16.2,1,18,1,0,0,52.5,941.5
501.28,25.1,2,21,6,2,0,57.2,593.1
429.46,32.6,1,21,1,0,1,57.5,479.9
787.04,12.5,2,7,2,0,0,56.3,831.3
463.91,13.4,3,11,2,0,0,64.1,441.7
136.71,28.0,1,3,5,3,0,46.1,295.6
358.99,10.8,3,4,3,1,0,57.5,422.2
906.05,39.0,3,17,5,0,0,51.3,1060.5
784.07,6.9,1,22,1,0,0,45.7,1016.8
580.58,23.0,2,8,2,1,0,50.6,715.7
326.28,21.5,2,21,4,2,0,49.4,458.3
175.34,36.2,2,10,5,1,0,57.5,205.1
89.78,29.5,2,20,1,1,1,58.9,130.2
395.42,29.5,2,2,0,1,0,44.3,580.9
279.31,15.7,3,12,2,0,0,66.2,225.3
685.63,25.8,2,13,1,2,0,57.4,789.5
609.2,42.6,3,23,0,1,0,42.5,898.3
853.75,23.9,1,0,6,0,0,48.3,1055.6
253.58,11.2,3,12,2,0,0,54.4,266.7
132.51,26.1,1,0,0,0,0,54.0,139.0
443.78,44.0,3,8,4,0,0,59.8,441.7
177.56,28.9,3,23,5,0,0,51.5,213.7
495.07,41.4,2,17,1,0,0,58.5,511.9
251.23,17.1,1,16,6,0,0,64.2,242.2
496.24,32.5,2,15,2,0,0,47.0,637.7
225.78,5.3,2,6,3,0,0,63.5,216.8
656.29,30.8,2,7,2,0,1,48.0,835.1
731.96,29.5,3,21,2,1,0,53.7,831.0
387.48,39.1,1,4,2,0,0,39.1,598.2
643.42,24.7,2,0,1,0,2,40.7,996.9
111.02,15.8,3,14,5,0,0,51.2,131.2
213.3,21.8,2,11,3,0,0,62.4,206.1
688.01,10.8,2,12,0,0,0,62.4,684.7
242.57,20.3,1,3,6,0,0,47.5,328.0
239.97,44.8,1,14,5,0,0,51.9,272.9
440.81,32.3,2,10,1,0,0,66.0,408.1
483.62,15.1,3,9,1,0,0,60.6,484.5
886.21,14.4,2,10,0,0,0,53.2,1005.5
722.34,5.4,1,18,6,1,0,61.9,728.7
706.01,14.9,2,2,5,0,0,61.8,668.2
576.37,7.4,3,4,5,0,0,54.6,642.0
301.9,27.3,3,11,6,0,1,63.8,306.4
356.21,34.0,2,1,3,0,0,48.8,432.5
456.18,27.7,3,11,2,1,1,60.4,535.5
833.88,27.2,1,16,1,1,1,58.4,903.1
424.13,36.0,3,12,5,0,1,57.6,469.6
710.65,14.6,3,2,5,0,1,59.0,740.6
628.07,35.6,1,19,2,0,1,53.1,730.2
485.65,7.7,1,5,6,0,0,45.3,648.1
48.32,30.7,2,21,3,0,0,57.0,42.1
346.06,29.2,1,0,1,0,0,57.0,354.4
436.57,30.6,2,17,5,0,0,61.8,429.7
650.51,37.9,2,16,0,1,0,61.0,670.7
212.15,25.8,1,23,1,3,0,51.6,365.3
241.4,30.0,1,17,5,0,0,58.1,228.8
533.14,32.0,3,21,3,0,0,64.2,504.8
377.39,18.5,1,17,4,0,0,55.9,413.4
902.4,18.0,2,13,6,0,2,61.8,916.7
234.24,26.8,2,17,5,3,0,56.9,348.9
373.41,34.1,2,19,0,0,0,59.8,374.2
287.3,13.9,2,0,6,0,0,55.0,304.5
512.76,27.3,3,4,0,0,0,41.2,751.9
346.7,28.3,1,8,6,1,0,50.8,437.8
213.52,8.1,2,15,1,1,0,62.9,227.6
749.37,8.8,3,9,0,0,0,61.8,725.3
69.77,35.8,2,13,3,3,0,67.4,181.3
685.43,39.0,1,20,6,1,0,62.1,702.1
304.19,27.6,2,16,5,0,0,57.7,322.4
369.67,22.8,3,18,4,0,1,46.6,509.7
151.73,18.4,2,18,5,2,0,50.1,254.7
466.62,36.0,1,4,3,0,0,45.4,618.0
194.53,29.6,3,16,1,2,0,52.9,303.3
629.42,28.0,1,21,3,0,0,54.8,697.7
548.55,6.0,2,5,2,1,0,56.6,615.7
149.78,6.8,1,6,5,1,1,57.7,192.3
120.01,7.2,3,4,6,0,0,56.0,139.3
735.81,17.2,2,0,2,3,0,43.8,1111.0
485.71,15.3,2,19,5,1,0,65.0,466.6
355.18,41.2,3,1,2,0,1,41.9,554.3
569.99,7.1,3,0,0,0,0,48.8,724.1
607.49,39.6,1,9,6,0,0,56.3,669.3
472.6,33.4,2,15,6,0,0,60.3,474.4
880.44,27.4,3,0,0,2,0,42.9,1299.4
370.13,11.3,2,21,2,0,0,53.5,452.8
890.94,16.0,1,20,2,1,0,68.9,796.8
46.22,27.2,2,7,1,2,0,53.8,125.6
669.6,25.8,3,19,6,0,0,60.0,678.4
155.95,43.8,3,10,3,0,0,57.2,169.9
501.8,37.0,1,9,5,0,1,58.4,539.6
906.16,44.0,1,20,4,0,0,61.2,902.4
864.26,9.7,2,4,5,0,0,40.2,1319.2
875.46,17.1,3,20,5,0,0,55.1,947.7
184.42,35.5,3,19,2,0,0,55.5,188.9
225.51,6.0,1,22,6,0,0,47.0,287.6
653.7,20.0,2,15,3,1,1,52.7,807.1
700.44,5.6,2,13,1,0,1,68.4,637.9
78.86,42.1,2,19,3,0,0,63.5,55.9
400.52,36.0,3,23,6,0,0,45.3,545.7
680.8,28.8,3,20,5,0,1,58.8,718.0
756.04,6.7,1,16,4,0,0,57.4,775.0
479.35,30.2,1,6,2,0,1,60.2,489.0
274.46,11.7,2,19,0,0,0,64.8,246.5
595.03,8.6,3,3,1,0,0,60.0,588.0
140.42,21.5,2,0,1,3,2,54.4,294.4
805.47,8.6,2,22,5,0,2,59.1,849.4
129.95,9.6,2,20,2,0,1,51.2,158.6
887.92,29.5,1,12,4,0,0,56.2,921.7
523.29,31.4,1,5,6,0,0,43.6,716.3
294.18,34.2,2,9,5,0,0,58.0,286.2
23.14,35.6,1,14,3,0,0,62.2,22.0
805.61,14.5,3,21,3,0,0,54.2,897.6
25.85,40.3,2,19,5,2,0,57.8,93.5
151.95,31.1,1,4,6,0,0,38.2,231.0
314.69,8.5,1,13,1,1,0,52.9,409.2
642.86,27.9,3,5,3,0,1,53.0,755.3
703.98,17.9,2,2,6,2,0,46.9,967.5
139.75,32.8,2,10,4,0,0,56.2,157.2
71.78,27.9,3,16,0,1,0,54.6,88.0
897.79,16.5,3,10,2,0,1,61.7,897.7
135.44,27.5,3,23,5,0,0,51.7,133.9
227.12,16.6,1,0,0,0,0,41.8,321.7
774.78,37.0,2,13,0,0,0,50.1,921.5
30.05,13.0,2,8,6,0,0,50.8,49.9
702.66,9.6,2,10,3,3,0,62.2,780.9
176.31,18.2,2,21,3,3,0,66.3,248.0
448.53,30.1,3,10,3,1,0,57.6,512.4
763.24,17.0,3,21,2,0,0,63.3,725.3
315.23,41.6,2,2,1,1,0,53.2,397.2
577.59,38.7,3,19,3,0,0,55.4,639.6
294.37,39.3,3,1,2,1,0,44.9,428.5
422.2,43.0,1,16,2,1,0,50.4,540.0
199.87,8.7,3,0,6,1,0,49.0,279.7
842.04,34.3,3,9,6,0,0,54.4,923.3
894.22,25.6,1,6,5,0,0,45.7,1189.6
123.09,17.4,1,21,6,0,0,62.8,124.6
61.06,25.8,3,23,2,0,0,42.3,69.5
206.76,13.0,2,8,4,0,0,54.6,229.4
152.9,15.9,1,19,4,0,0,59.6,164.7
303.45,10.7,3,9,4,0,0,58.7,317.3
321.48,22.7,1,0,3,0,0,59.2,329.5
96.65,20.7,3,19,4,0,1,59.0,111.2
336.51,18.3,1,22,6,0,0,45.2,439.9
692.61,23.6,1,2,6,0,0,54.3,760.2
296.25,30.8,2,15,1,0,0,68.4,279.9
249.67,19.5,1,22,5,0,0,49.3,295.7
453.88,7.6,1,11,3,0,0,61.2,463.0
557.95,10.1,1,12,6,1,0,65.5,555.6
83.12,17.1,2,12,4,2,0,54.4,151.3
886.76,20.4,2,6,6,0,0,53.7,1004.9
524.82,18.7,3,7,1,0,1,67.1,507.3
531.03,24.5,3,19,3,0,1,57.7,584.7
294.15,21.2,3,3,5,0,1,55.5,331.4
459.92,31.4,1,6,6,0,0,47.0,577.4
740.76,35.3,3,4,3,0,0,46.3,970.0
194.14,32.3,2,9,4,0,0,59.0,173.1
853.64,33.7,2,2,4,1,0,44.2,1192.7
133.52,16.8,2,17,0,0,0,42.8,174.9
117.63,16.3,1,7,3,1,0,59.7,159.7
360.68,20.3,3,6,5,0,0,55.4,402.3
770.56,19.4,2,4,2,0,0,57.5,798.4
83.85,5.6,3,15,5,0,0,59.7,84.0
591.6,21.6,2,22,4,1,0,54.6,675.9
397.47,37.8,2,11,1,0,0,48.5,482.1
773.66,14.5,3,8,3,2,0,64.8,784.9
53.7,24.3,2,3,4,1,0,48.9,94.7
670.85,44.3,2,14,4,0,0,50.3,796.9
440.48,34.7,3,2,5,2,0,51.8,570.3
66.97,18.7,1,15,3,1,1,53.8,138.4
394.7,43.4,2,9,1,0,0,53.1,436.7
667.0,27.5,1,20,3,0,0,54.9,721.2
279.66,34.5,1,9,3,1,1,44.4,437.1
267.29,10.3,2,8,6,0,0,55.0,275.3
830.02,34.6,3,14,2,1,0,61.5,863.4
451.58,37.0,1,10,0,1,0,59.6,477.0
765.48,35.1,2,12,1,0,0,59.2,768.6
534.2,38.7,1,20,2,0,0,62.0,521.8
374.88,17.1,3,17,1,0,0,55.6,391.5
149.18,39.8,1,9,6,1,1,52.3,203.5
627.76,6.6,3,20,2,0,0,60.6,632.7
783.94,18.4,2,3,2,0,0,48.8,976.9
686.69,34.4,3,6,4,0,0,53.6,761.7
507.38,31.9,1,0,3,0,0,45.3,679.9
215.28,16.3,1,1,0,0,0,56.2,235.5
815.63,13.7,3,20,0,3,0,66.4,858.2
135.62,31.3,3,18,6,0,0,68.4,107.7
245.47,23.7,1,20,3,0,0,64.1,242.3
824.02,35.8,2,8,1,0,2,61.1,863.4
365.85,44.8,2,8,1,0,0,48.2,456.8
563.17,12.1,2,3,1,1,0,47.8,748.8
114.56,22.7,2,3,0,0,0,41.1,163.3
416.84,40.9,1,20,5,0,1,51.3,515.3
154.93,18.2,2,18,0,0,0,61.9,145.0
408.09,38.8,1,17,1,0,0,53.9,448.0
449.04,27.7,2,10,5,0,0,64.0,434.9
595.9,19.6,2,2,6,0,1,50.1,721.4
177.19,6.6,2,21,1,0,0,55.1,196.6
633.07,24.5,3,14,5,1,0,53.5,745.6
906.78,14.5,2,2,6,0,0,50.0,1102.0
762.48,23.0,1,1,2,0,0,43.1,1058.0
125.19,37.3,3,16,3,3,0,66.3,207.5
679.54,14.3,1,1,5,0,0,43.1,934.8
837.04,6.8,3,20,1,0,0,47.3,1042.5
750.46,8.9,3,5,6,0,2,53.3,889.6
462.46,37.0,1,2,6,0,0,41.0,696.2
676.76,21.1,1,21,4,0,0,55.5,759.6
209.78,6.8,1,10,0,0,0,55.3,237.2
639.7,27.1,2,7,4,1,0,54.9,747.8
565.07,36.1,1,15,0,0,0,49.4,691.0
600.06,40.5,2,22,6,2,0,51.5,770.0
147.35,15.8,2,13,1,0,0,65.0,133.9
180.2,25.0,1,20,6,3,1,62.1,305.0
229.72,9.7,3,3,4,0,1,49.2,290.2
215.16,35.8,3,6,2,0,0,51.0,257.6
770.97,41.5,2,5,1,0,0,55.2,842.6
273.71,22.4,2,19,6,0,1,62.9,287.7
66.69,26.5,1,0,3,1,0,51.9,115.9
415.89,28.2,2,6,5,0,0,57.9,449.5
310.26,8.9,3,13,6,0,0,55.3,333.7
540.73,7.2,2,4,1,0,1,55.4,613.9
141.4,33.8,3,11,2,0,0,55.4,166.3
73.09,10.5,2,14,3,0,0,50.3,108.0
557.24,36.6,3,19,1,0,0,55.9,595.3
386.41,25.9,1,18,3,2,0,62.2,461.8
675.2,14.9,2,13,4,3,1,60.7,784.6
833.24,40.9,2,1,0,0,1,55.9,905.2
398.87,20.8,3,3,3,0,1,54.4,474.9
636.91,21.3,1,4,2,0,1,46.1,849.8
447.01,17.2,3,14,6,1,1,52.5,554.4
432.75,10.5,3,12,1,1,0,61.4,467.6
583.73,39.4,1,12,5,0,0,56.9,618.1
260.11,42.8,3,18,6,0,0,49.8,298.1
318.77,42.3,3,21,2,0,2,64.6,353.4
571.03,19.6,1,20,4,0,1,56.7,621.6
143.18,18.4,3,3,5,0,1,53.7,179.1
873.6,13.4,3,7,2,2,0,56.0,1024.0
266.66,7.5,2,14,3,0,0,61.0,250.4
493.39,38.0,2,14,4,0,0,52.4,548.6
890.5,40.3,1,14,0,0,0,51.7,1027.5
871.4,9.4,2,3,5,0,0,46.7,1126.1
867.37,5.9,2,21,4,0,0,63.3,824.2
676.56,5.9,1,2,0,2,0,58.2,796.4
593.76,21.5,2,20,5,2,0,58.3,682.6
491.85,26.9,2,9,4,0,0,52.2,558.2
251.41,24.4,2,1,1,0,0,45.7,332.1
842.48,33.5,2,5,1,0,0,52.9,938.9
156.6,14.5,1,10,4,0,0,52.6,186.3
520.61,6.4,2,11,1,0,0,55.7,559.0
288.39,41.8,2,15,6,1,0,48.1,397.5
23.82,34.5,3,10,5,0,2,57.8,76.3
860.17,44.2,3,21,1,0,0,60.0,833.3
321.43,9.5,2,1,1,3,0,54.5,460.7
569.59,13.8,2,2,2,0,0,41.1,819.2
217.71,42.4,2,6,0,0,0,52.2,235.6
872.29,44.0,2,6,3,0,0,47.5,1084.2
828.52,19.4,1,22,6,0,2,48.8,1069.9
326.98,17.3,2,17,0,1,0,57.7,362.2
389.89,22.7,1,23,3,0,0,48.7,492.1
552.16,10.7,2,15,6,0,0,55.9,616.6
545.7,20.0,1,13,5,0,1,61.6,564.3
652.12,35.2,1,6,1,0,0,61.3,651.8
752.29,17.1,3,9,3,0,0,58.7,769.6
22.18,15.5,3,20,3,1,0,51.4,52.4
179.64,41.3,3,7,0,1,0,48.6,294.8
79.39,34.8,3,15,4,0,0,55.7,103.8
887.09,37.7,2,16,5,0,0,58.9,897.7
72.07,17.8,3,4,2,1,0,44.6,144.3
831.77,19.2,2,9,4,0,0,62.3,804.7
578.95,35.6,3,5,4,0,0,43.7,816.1
731.89,15.9,3,22,2,3,1,39.2,1239.5
31.48,25.7,2,15,3,2,0,56.3,100.6
157.55,13.8,1,17,4,0,0,67.4,133.4
654.17,33.1,1,13,3,0,1,64.9,634.0
35.47,18.9,3,11,1,0,0,66.5,21.7
699.59,18.7,3,9,0,0,0,63.4,666.3
637.88,32.5,2,4,1,1,0,47.2,854.6
717.79,8.1,2,13,0,0,0,58.7,737.3
547.93,23.8,2,1,0,0,0,48.1,683.8
130.18,29.1,3,6,1,1,2,61.8,212.6
684.12,16.1,3,11,2,1,0,48.3,884.8
235.22,27.8,1,18,6,0,0,50.2,288.8
270.85,41.1,3,0,5,0,1,42.7,419.4
649.9,19.7,3,5,3,0,1,57.5,717.4
893.36,22.0,3,7,3,0,0,53.4,1003.2
118.18,10.4,2,22,2,0,1,54.6,157.6
122.99,16.3,3,23,2,0,0,54.7,127.7
382.48,44.4,2,6,6,0,0,51.0,438.5
624.43,12.2,3,15,5,0,0,48.5,779.2
95.66,10.7,2,22,4,0,0,58.3,73.1
170.16,19.5,1,10,1,0,0,61.3,166.2
765.92,34.0,2,22,6,1,0,49.5,984.4
593.01,21.0,2,21,4,0,0,68.9,515.3
151.16,23.2,1,8,3,2,0,56.8,225.0
108.65,7.1,1,15,5,0,0,53.6,136.4
310.99,17.1,3,3,6,0,0,43.8,405.5
725.53,13.1,3,15,3,0,0,53.6,806.4
501.07,5.7,1,13,0,0,0,56.5,542.8
429.09,6.3,3,21,6,0,0,65.3,389.5
403.31,17.5,2,15,6,0,0,50.2,466.3
629.98,27.9,2,17,6,0,2,54.2,750.6
546.03,20.1,3,11,6,0,0,65.6,502.0
60.16,38.5,2,23,4,0,0,43.1,76.8
106.64,18.8,2,13,2,0,0,51.3,133.5
297.77,8.4,3,2,6,0,0,47.8,375.8
310.24,23.4,2,18,4,0,0,63.9,309.7
543.31,44.4,2,18,3,0,2,56.1,639.1
634.87,13.2,2,16,6,1,0,60.9,674.5
343.37,22.4,2,20,6,3,0,70.8,406.7
210.53,15.6,2,18,3,0,0,58.1,196.1
658.76,28.1,3,10,2,1,0,51.7,786.6
206.67,36.8,3,9,4,0,0,58.2,219.2
198.07,21.1,3,16,3,2,0,55.0,278.8
578.78,25.6,1,18,3,0,0,57.9,595.1
435.89,42.5,3,19,6,0,0,57.0,465.1
577.82,25.9,2,14,1,2,0,53.4,698.8
771.27,21.4,1,20,1,0,0,63.4,739.7
162.92,32.5,1,12,1,1,0,51.7,232.5
756.23,23.6,3,13,3,0,1,62.0,758.5
141.42,15.3,2,21,4,1,1,58.1,181.3
452.4,5.8,1,10,4,2,0,63.1,511.8
818.13,31.9,1,12,6,1,0,61.7,835.1
673.69,42.3,3,21,6,1,0,58.1,716.3
461.84,8.6,3,3,6,1,0,54.2,560.2
367.06,34.9,1,13,1,0,0,54.8,430.2
411.13,15.2,3,1,3,3,1,50.7,611.0
505.71,24.0,1,8,6,0,0,61.8,505.4
751.02,5.8,3,1,6,0,0,55.6,806.6
836.54,31.9,2,17,3,1,0,56.9,914.2
742.9,9.9,1,14,3,0,1,57.9,788.1
836.95,17.0,1,9,1,1,0,66.0,806.8
302.29,37.5,3,13,6,0,0,52.9,326.2
857.04,23.8,2,10,5,0,0,57.8,887.0
162.71,15.4,1,11,3,0,1,62.2,163.9
423.4,6.1,1,20,5,0,0,50.4,510.0
22.74,13.0,2,10,4,0,0,54.1,37.3
883.0,38.2,1,19,5,0,0,58.2,905.4
797.42,10.3,1,21,4,1,2,64.9,814.6
388.9,12.3,2,18,1,0,0,55.0,426.5
564.68,14.1,1,14,1,1,0,55.5,642.4
570.02,29.0,1,2,2,0,0,43.7,781.8
488.0,35.9,2,21,3,0,0,50.3,574.5
787.12,36.3,2,23,3,0,0,45.0,1052.9
211.85,38.0,3,21,1,0,0,53.9,239.5
278.27,15.5,3,14,1,1,0,55.2,325.3
29.19,10.3,2,22,3,1,0,53.0,49.7
675.13,15.2,1,17,0,2,0,54.6,806.2
335.33,29.3,3,19,5,0,0,63.6,318.9
571.5,17.1,2,21,2,0,1,53.3,666.2
179.64,11.8,2,10,3,3,0,51.5,327.7
146.2,9.7,1,4,3,0,0,59.6,130.0
844.35,16.3,2,19,6,1,0,62.5,855.9
814.48,17.6,2,4,4,0,0,53.1,902.4
67.37,10.9,1,5,0,0,0,52.3,88.8
123.26,40.8,2,1,3,0,0,45.2,150.2
458.76,38.8,1,3,2,1,0,43.3,665.1
169.78,25.3,2,18,5,0,0,52.2,179.1
488.15,27.8,2,2,1,0,0,51.0,551.8
43.11,32.3,3,3,3,0,0,48.4,51.0
307.95,6.2,2,22,5,0,0,49.5,366.4
605.63,18.2,1,20,4,0,1,63.4,615.5
673.54,43.3,3,4,1,0,1,54.7,754.5
730.35,34.8,3,19,3,0,0,50.3,880.1
706.08,21.0,1,6,1,0,0,52.8,812.3
869.44,11.2,2,15,6,1,0,58.8,912.5
629.62,10.3,3,3,6,1,0,50.0,802.9
365.4,15.7,3,13,0,0,0,64.3,325.6
406.35,22.0,1,16,2,0,0,63.7,367.2
655.14,42.2,3,20,5,0,0,55.8,716.9
827.41,24.1,1,4,5,0,0,58.3,839.3
282.98,6.9,1,1,4,3,1,43.9,519.2
608.16,27.7,2,11,2,0,0,59.0,616.3
679.06,23.5,1,12,0,0,0,53.0,761.7
542.62,23.2,3,14,4,0,0,59.2,572.5
740.91,13.4,1,23,4,1,0,45.5,1000.7
35.94,20.8,1,5,5,0,0,47.6,22.7
879.57,29.1,2,9,4,0,0,59.0,882.2
877.2,32.0,2,2,1,0,0,45.3,1182.4
639.47,12.5,1,6,3,0,1,59.4,660.6
577.19,36.6,1,2,2,0,0,54.9,640.9
123.65,41.1,3,22,3,0,1,49.9,177.9
540.85,13.1,3,12,0,0,0,60.8,547.7
404.29,21.6,2,23,4,1,1,49.3,548.7
453.87,24.4,3,23,4,0,1,61.8,452.1
226.4,7.4,1,13,4,0,0,62.2,228.2
391.25,23.9,2,19,5,0,0,55.2,422.9
276.33,12.7,2,14,1,1,0,55.1,326.4
840.34,39.1,3,21,3,0,0,49.3,1040.9
874.22,38.3,3,20,5,1,0,46.5,1168.5
164.2,13.3,3,23,0,0,0,54.9,185.3
559.12,9.0,2,15,2,1,0,44.3,776.3
339.32,15.4,3,5,1,2,0,56.5,428.5
76.66,22.2,3,7,0,0,0,49.5,96.2
